{
	"class_name" : "PinholeCameraParameters",
	"extrinsic" : 
	[
		0.97030044492723111,
		-0.19711575537620268,
		-0.14022277117674734,
		0.0,
		-0.12448434863860385,
		-0.9038951122377028,
		0.40923987222265307,
		0.0,
		-0.20741430403431665,
		-0.37963008976536605,
		-0.90158765598620538,
		0.0,
		-2531.2284319652545,
		2896.7413606552195,
		96.645662690896643,
		1.0
	],
	"intrinsic" : 
	{
		"height" : 835,
		"intrinsic_matrix" : 
		[
			723.13121216000627,
			0.0,
			0.0,
			0.0,
			723.13121216000627,
			0.0,
			765.5,
			417.0,
			1.0
		],
		"width" : 1532
	},
	"version_major" : 1,
	"version_minor" : 0
}